displayUsernames,Fri May 01 00:01:17 EEST 2020
getUserByUsername,Fri May 01 00:01:50 EEST 2020
displayUserDetails,Fri May 01 00:02:03 EEST 2020
displayTicketsForUser,Fri May 01 00:02:04 EEST 2020
displayUsers,Fri May 01 00:02:06 EEST 2020
displayEvents,Fri May 01 00:02:07 EEST 2020
displayEventLocations,Fri May 01 00:02:13 EEST 2020
displayStandardTickets,Fri May 01 00:02:14 EEST 2020
displayPremiumTickets,Fri May 01 00:02:15 EEST 2020
displayUsernames,Fri May 01 21:06:07 EEST 2020
getUserByUsername,Fri May 01 21:06:14 EEST 2020
